{"0":0.0527455327,"1":0.0505575836,"2":0.0269540431,"3":0.0195529329,"4":0.0159023854,"5":0.0165024754,"6":0.0143021453,"7":0.0098514777,"8":0.0420986273,"9":0.0132519878}
